{
    "objects": {
  "0": [0.970, 1.308, 0.857],  
    "1": [0.970, 1.298, 0.916],  
    "2": [0.990, 1.308, 0.975],  
    "3": [0.945, 1.308, 1.034],  
    "4": [0.980, 1.308, 1.093] ,  
        "14": [
            0.9709892992939941,
            1.308006844166409,
            0.9470863026810916
        ],
        "9": [
            4.864991396164786,
            -5.463998660145432,
            -1010.2433659402435
        ],
        "10": [
            4.614853358178873,
            -4.963652076133441,
            -1010.1703659402386
        ],
        "11": [
            4.84000000235227,
            -5.124999998078362,
            -1010.1823659404679
        ],
        "12": [
            6.2810000022658095,
            -5.5649999979166935,
            -1010.1873659402379
        ],
        "A1": [
            6.394999999999917,
            -6.63599999999999,
            -1010.2419522494026
        ],
        "A2": [
            6.394999999999998,
            -6.635999999999998,
            -1010.0259522494027
        ],
        "B1": [
            6.463999999999916,
            -6.6439999999999895,
            -1010.1499522494026
        ],
        "B2": [
            6.3249999999999185,
            -6.6439999999999895,
            -1010.1499522494026
        ]
    },
    "occ_objects": {
        "1": [
            1.4469999972505012,
            1.8279999912355749,
            0.9675863090102576
        ],
        "2": [
            1.4379999883926575,
            1.689000005940334,
            0.9675863090886997
        ],
        "3": [
            1.446999995742925,
            1.9670000131941368,
            0.9675863088837275
        ],
        "4": [
            1.2689999923221715,
            1.9670000108705892,
            0.9675863088977993
        ]
    },
    "gripper_position": [
        0.6077628044094885,
        0.9282336648169983,
        1.4168213712511069
    ],
    "goal_position": {
        "1": [
            0.8089999999999998,
            1.3040000000000005,
            0.8225863091648062
        ],
        "2": [
            0.9710000517667078,
            1.3079990565799158,
            0.8225052567386497
        ]
    },

    "relationships": [
        "On(1, 0)",
        "On(2, 1)",
        "On(3, 2)",
        "On(4, 3)",
        "On(0, Goal_1)"
    ]
 
}